name,1950,1951,1952,1953,1954,1955,1956,1957,1958,1959,1960,1961,1962,1963,1964,1965,1966,1967,1968,1969,1970,1971,1972,1973,1974,1975,1976,1977,1978,1979,1980,1981,1982,1983,1984,1985,1986,1987,1988,1989,1990,1991,1992,1993,1994,1995,1996,1997,1998,1999,2000,2001,2002,2003,2004,2005,2006,2007,2008,2009,2010,2011
American Philosophical Quarterly,0.0,0.0,0.0,0.0,0.0,0.0,0.0,0.0,0.0,0.0,0.0,0.0,0.0,0.0,0.0,0.0,0.003676470588235294,0.003472222222222222,0.003289473684210526,0.0055059523809523805,0.00977891156462585,0.011498917748917748,0.013172877846790889,0.012624007936507935,0.012119047619047618,0.014224310776942355,0.020540100250626567,0.022078561789088104,0.022078561789088104,0.03041189512242144,0.03276483629889203,0.03276483629889203,0.03476483629889203,0.04226483629889203,0.04226483629889203,0.046074360108415834,0.048296582330638056,0.048296582330638056,0.05137350540756113,0.055373505407561134,0.0626462326802884,0.06856728531186736,0.07523395197853402,0.0822927755079458,0.08249327676107863,0.0811837529515548,0.08594565771345959,0.08644565771345958,0.08644565771345958,0.09311232438012623,0.0910070612222315,0.08469127174854728,0.09648614354341908,0.11187075892803447,0.10661434867162421,0.12140426463801077,0.12140426463801077,0.12130902654277267,0.11780902654277266,0.11780902654277266,0.11399950273324887,0.11177728051102666
Analysis,0.0,0.0,0.0,0.02272727272727273,0.05818181818181819,0.04848484848484849,0.05743145743145744,0.06587752525252526,0.0585578002244669,0.05270202020202021,0.05617539026629936,0.05149410774410775,0.052057909410850596,0.04833948731007555,0.04511685482273718,0.04229705139631611,0.03980898954947398,0.03759737901894765,0.040881727491634615,0.04196264111705288,0.03996442011147894,0.04031235772545933,0.04045000568824654,0.0387645887845696,0.03721400523318682,0.04142453154897629,0.04675786488230962,0.04983478795923269,0.04619842432286907,0.04095704501252424,0.04255704501252424,0.0397126005680798,0.0397126005680798,0.043923126883869276,0.04700004996079235,0.045363686324428706,0.045363686324428706,0.04586788800510098,0.047406349543562515,0.048834920972133954,0.05001139156036924,0.05122351277249045,0.05364775519673287,0.05257458446502557,0.054329903613961734,0.056996570280628406,0.058091808375866485,0.05961798406353287,0.06314739582823875,0.0675918402726832,0.06921464729022704,0.06760224418945185,0.06638578622880784,0.0698945581586324,0.07559747593051569,0.07777106083617608,0.08009262946362705,0.07805559242659,0.07765458992032435,0.07826997453570897,0.07751997453570897,0.08239802331619678
Apeiron: A Journal for Ancient Philosophy and Science,0.0,0.0,0.0,0.0,0.0,0.0,0.0,0.0,0.0,0.0,0.0,0.0,0.0,0.0,0.0,0.0,0.0,0.0,0.0,0.0,0.0,0.0,0.0,0.0,0.0,0.0,0.0,0.0,0.0,0.0,0.04,0.04,0.04,0.04,0.04,0.05333333333333333,0.05333333333333333,0.07333333333333333,0.07333333333333333,0.08933333333333333,0.09933333333333333,0.09933333333333333,0.106,0.13,0.13,0.15,0.15666666666666665,0.16166666666666665,0.16166666666666665,0.16166666666666665,0.18166666666666664,0.18166666666666664,0.18966666666666665,0.19633333333333333,0.19633333333333333,0.16966666666666666,0.16966666666666666,0.16966666666666666,0.16966666666666666,0.16966666666666666,0.15633333333333332,0.15633333333333332
Business & Professional Ethics Journal,0.0,0.0,0.0,0.0,0.0,0.0,0.0,0.0,0.0,0.0,0.0,0.0,0.0,0.0,0.0,0.0,0.0,0.0,0.0,0.0,0.0,0.0,0.0,0.0,0.0,0.0,0.0,0.0,0.0,0.0,0.0,0.006666666666666666,0.009743589743589744,0.012243589743589745,0.02113247863247863,0.031132478632478634,0.03684676434676435,0.04351343101343102,0.04351343101343102,0.050180097680097686,0.05418009768009769,0.058624542124542135,0.06362454212454213,0.06994033159822635,0.07301725467514943,0.0802899819478767,0.08734880547728846,0.09306309119157417,0.09750753563601862,0.10150753563601862,0.11381522794371093,0.1304818946103776,0.15333903746752045,0.17000570413418714,0.1747115864871283,0.1810273759608125,0.19436070929414584,0.19128378621722278,0.18878378621722278,0.17989489732833389,0.16989489732833388,0.16418061161404815
Business Ethics Quarterly,0.0,0.0,0.0,0.0,0.0,0.0,0.0,0.0,0.0,0.0,0.0,0.0,0.0,0.0,0.0,0.0,0.0,0.0,0.0,0.0,0.0,0.0,0.0,0.0,0.0,0.0,0.0,0.0,0.0,0.0,0.0,0.0,0.0,0.0,0.0,0.0,0.0,0.0,0.0,0.0,0.0,0.0,0.005714285714285714,0.012670807453416146,0.018731413514022206,0.026450711759636238,0.030200711759636237,0.039089600648525125,0.04261901241323101,0.047063456857675455,0.05373012352434212,0.06147205900821309,0.07036094789710198,0.07681256080032779,0.09135801534578233,0.09691357090133788,0.10758023756800456,0.10758023756800456,0.10758023756800456,0.10758023756800456,0.10758023756800456,0.10758023756800456
Canadian Journal of Philosophy,0.0,0.0,0.0,0.0,0.0,0.0,0.0,0.0,0.0,0.0,0.0,0.0,0.0,0.0,0.0,0.0,0.0,0.0,0.0,0.0,0.0,0.0,0.0,0.0,0.008888888888888889,0.011746031746031744,0.0146031746031746,0.018813700918964074,0.023613700918964073,0.023613700918964073,0.02571896407685881,0.0346078529657477,0.041274519632414366,0.05016340852130325,0.05939417775207248,0.05939417775207248,0.06606084441873915,0.06606084441873915,0.07177513013302486,0.07177513013302486,0.07677513013302487,0.08041149376938851,0.08041149376938851,0.0893003826582774,0.09430038265827739,0.1000146683725631,0.10401466837256311,0.12401466837256311,0.12801466837256312,0.13245911281700756,0.1296019699598647,0.12674482710272186,0.12253430078693237,0.12273430078693238,0.12273430078693238,0.12062903762903764,0.11974014874014875,0.11751792651792653,0.11170596070596073,0.10247519147519149,0.10247519147519149,0.09580852480852481
Classical Philology,0.0,0.0,0.0,0.019230769230769232,0.02967032967032967,0.024725274725274724,0.037066108494679915,0.04136141636141635,0.036765703432370095,0.040781440781440775,0.04464979464979464,0.04092897842897842,0.03778059547290316,0.04806899449756592,0.048568098568098565,0.04900481462981463,0.049390152331328804,0.056747265080598415,0.059608520134835925,0.05662809412809413,0.0589440495455533,0.06535568365711907,0.06976050900536027,0.07326407754039332,0.07700018110544427,0.08271446681972998,0.08692499313551945,0.09113551945130892,0.09605859637438587,0.09790733587018417,0.10261321822312536,0.10448456325236513,0.11273853150633338,0.11464329341109528,0.11464329341109529,0.11341522323565668,0.11341522323565668,0.11649214631257976,0.1149337047541382,0.11871148253191595,0.1235480838391055,0.12859858888961054,0.13606270372214643,0.14214457506717568,0.1535731464957471,0.15186262017995764,0.15562732606231053,0.15896065939564388,0.16511450554949003,0.16987641031139478,0.17679370354447752,0.18058317722868802,0.18780122234147,0.18837265091289856,0.18652391141710026,0.20181802906415908,0.20439112847936375,0.19328001736825265,0.20470858879682408,0.20963166571990105,0.20752640256200633,0.20752640256200633
Critical Inquiry,0.0,0.0,0.0,0.0,0.0,0.0,0.0,0.0,0.0,0.0,0.0,0.0,0.0,0.0,0.0,0.0,0.0,0.0,0.0,0.0,0.0,0.0,0.0,0.0,0.0,0.002666666666666667,0.013701149425287355,0.021108556832694764,0.024537128261266195,0.024537128261266195,0.028066540025972076,0.039495111454543506,0.04723704693841447,0.051681491382858914,0.058578043106996845,0.06780881233776608,0.07604410645541314,0.08826632867763536,0.10398061439192106,0.11218574259704928,0.11774129815260484,0.12707463148593817,0.14343826784957453,0.15943826784957454,0.1698086382199449,0.1898086382199449,0.2021163305276372,0.2085163305276372,0.22684966386097052,0.24314596015726683,0.253336436347743,0.2523019535891223,0.25430631088759725,0.2648777394590258,0.27773488231616866,0.28116199229059324,0.2820411131697141,0.29066281404947947,0.2947897981764636,0.2988023373614166,0.2895715681306473,0.2813362740130003
Erkenntnis,0.0,0.0,0.0,0.0,0.0,0.0,0.0,0.0,0.0,0.0,0.0,0.0,0.0,0.0,0.0,0.0,0.0,0.0,0.0,0.0,0.0,0.0,0.0,0.0,0.0,0.0,0.0044444444444444444,0.012444444444444445,0.0153015873015873,0.0153015873015873,0.022574314574314577,0.02924098124098124,0.03424098124098124,0.03634624439887598,0.03634624439887598,0.03998260803523962,0.03998260803523962,0.03998260803523962,0.04361897167160325,0.04628563833826992,0.04863857951474051,0.05721000808616908,0.06084637172253271,0.06465589553205651,0.06465589553205651,0.06665589553205652,0.06951303838919937,0.07473042969354719,0.07473042969354719,0.07820869056311242,0.08392297627739813,0.0817007540551759,0.07751027786469972,0.07675839816545159,0.08209173149878493,0.07648567089272433,0.07581900422605767,0.07481900422605767,0.0774196234211041,0.08357346957495025,0.08414763225437609,0.08414763225437609
Ethical Theory and Moral Practice,0.0,0.0,0.0,0.0,0.0,0.0,0.0,0.0,0.0,0.0,0.0,0.0,0.0,0.0,0.0,0.0,0.0,0.0,0.0,0.0,0.0,0.0,0.0,0.0,0.0,0.0,0.0,0.0,0.0,0.0,0.0,0.0,0.0,0.0,0.0,0.0,0.0,0.0,0.0,0.0,0.0,0.0,0.0,0.0,0.0,0.0,0.0,0.0,0.0,0.0,0.04,0.04,0.04,0.04,0.04,0.04,0.05333333333333333,0.063859649122807,0.07113237639553428,0.0851323763955343,0.09179904306220095,0.09179904306220095
Ethics,0.0,0.0,0.03333333333333333,0.025,0.02,0.016666666666666666,0.014285714285714287,0.0125,0.02345679012345679,0.021111111111111112,0.01919191919191919,0.023544973544973546,0.021733821733821733,0.02018140589569161,0.018835978835978835,0.01765873015873016,0.022222222222222223,0.020987654320987655,0.024269005847953214,0.023055555555555555,0.025925925925925925,0.027588383838383836,0.028459282263630085,0.03462642001244942,0.03875860459126179,0.04912897496163216,0.05086810539641477,0.05456041308872247,0.057523376051685435,0.057523376051685435,0.060281996741340604,0.061710568169912036,0.06558153591184751,0.06534761778319254,0.07249047492604968,0.07589473024519862,0.08192647627694465,0.0887836191340875,0.0983836191340875,0.1071336191340875,0.11380028580075416,0.11874076199123033,0.1217037249541933,0.12477039162085997,0.13143705828752664,0.13610372495419332,0.14027039162085997,0.1401047601508807,0.14804593662146892,0.15692869524215858,0.15608213439559776,0.16234300396081516,0.15687291849072968,0.1589099555277667,0.16290995552776671,0.17348466817144487,0.17440903791934403,0.17976883940817778,0.1818741025660725,0.1775883882803582,0.17418413296120927,0.16529524407232035
Feminist Studies,0.0,0.0,0.0,0.0,0.0,0.0,0.0,0.0,0.0,0.0,0.0,0.0,0.0,0.0,0.0,0.0,0.0,0.0,0.0,0.0,0.0,0.0,0.033816425120772944,0.06712962962962964,0.10444444444444445,0.13333333333333333,0.17333333333333337,0.17333333333333337,0.21333333333333335,0.25000000000000006,0.29000000000000004,0.3266666666666667,0.3666666666666667,0.3974358974358975,0.4374358974358975,0.4754358974358975,0.5154358974358975,0.5554358974358975,0.5954358974358975,0.6309914529914531,0.670991452991453,0.70791452991453,0.74791452991453,0.7825811965811966,0.8189448329448331,0.858944832944833,0.89586790986791,0.9047567987567988,0.9068080808080807,0.9023636363636365,0.9094747474747474,0.9071218062982769,0.9471218062982768,0.9442646634411339,0.9475979967744673,0.9475979967744672,0.9509313301078006,0.9395027586792293,0.9437335279099986,0.9037335279099986,0.8657335279099986,0.8257335279099984
Harvard Law Review,0.0,0.0,0.0,0.007352941176470589,0.011287758346581878,0.00940646528881823,0.013353689824278061,0.011684478596243303,0.010386203196660714,0.009347582876994642,0.012285681403328462,0.020877259235102374,0.019271316217017574,0.01789479363008775,0.018924029610304118,0.017741277759660112,0.016697673185562457,0.015770024675253434,0.014940023376555884,0.01611609913080501,0.015348665838861917,0.014650999209822739,0.01401399924417827,0.013430082609004176,0.012892879304644009,0.012892879304644009,0.012892879304644009,0.012892879304644009,0.013716408716408715,0.015301994301994304,0.01704112473677691,0.015559643255295429,0.020359643255295427,0.022098773690078035,0.022098773690078035,0.024068470659775007,0.021675308266612615,0.0281617947530991,0.0381617947530991,0.04254274713405148,0.04787608046738481,0.052676080467384805,0.06722153501283935,0.06944375723506158,0.07790529569660004,0.08552434331564766,0.08996878776009211,0.09552434331564767,0.1024208950397856,0.11332998594887651,0.12423907685796742,0.13600378274032035,0.14021430905610982,0.14654764238944318,0.14933552117732193,0.15239639074253936,0.15239639074253936,0.14759639074253936,0.14585726030775673,0.14585726030775673,0.1422208966713931,0.13999867444917086
Hypatia,0.0,0.0,0.0,0.0,0.0,0.0,0.0,0.0,0.0,0.0,0.0,0.0,0.0,0.0,0.0,0.0,0.0,0.0,0.0,0.0,0.0,0.0,0.0,0.0,0.0,0.0,0.0,0.0,0.0,0.0,0.0,0.0,0.0,0.0,0.0,0.0,0.03733333333333333,0.07187878787878788,0.10666139657444004,0.1407354706485141,0.1732354706485141,0.2054576928707363,0.2433524297128416,0.2753524297128416,0.3078524297128416,0.3439814619709061,0.37702494023177563,0.4144442950704853,0.45444429507048534,0.4925395331657234,0.5279241485503389,0.5622098628360531,0.593177604771537,0.628177604771537,0.662251678845611,0.6953551271214731,0.7335369453032912,0.7695369453032912,0.8059005816669276,0.8390040299427897,0.8730781040168637,0.8630174979562578
Inquiry,0.0,0.0,0.0,0.0,0.0,0.0,0.0,0.0,0.0,0.0,0.0,0.0,0.0,0.0,0.0,0.0,0.0,0.0,0.0,0.0125,0.01406926406926407,0.015955004591368227,0.022933943010669356,0.02614502871855813,0.027599227569815806,0.03221461218520042,0.03792889789948614,0.04292889789948614,0.04992889789948614,0.05710838507897332,0.06531351328410152,0.07293256090314915,0.07944418881012588,0.09372990309584017,0.10372990309584017,0.11328214190181031,0.11971071333038173,0.13061980423947264,0.14395313757280598,0.15687621449588293,0.17230478592445436,0.18617145259112103,0.19778435581692747,0.20643300446557614,0.2072804620926948,0.217041227642934,0.22913999307503277,0.2399383124027638,0.25371609018054164,0.2684312800539594,0.2763532088714106,0.28005068786300724,0.2846159052543116,0.2916159052543115,0.2977697514081577,0.3088503374887437,0.31299599575204906,0.31981770117840563,0.3263653202260247,0.32673569059639507,0.3228977375047106,0.3164691660761392
International Journal for Philosophy of Religion,0.0,0.0,0.0,0.0,0.0,0.0,0.0,0.0,0.0,0.0,0.0,0.0,0.0,0.0,0.0,0.0,0.0,0.0,0.0,0.0,0.0,0.0,0.0,0.0,0.0,0.0,0.0,0.0,0.0,0.0,0.0,0.0,0.0,0.006666666666666666,0.006666666666666666,0.006666666666666666,0.006666666666666666,0.006666666666666666,0.006666666666666666,0.006666666666666666,0.006666666666666666,0.006666666666666666,0.006666666666666666,0.014666666666666668,0.014666666666666668,0.014666666666666668,0.020380952380952378,0.020380952380952378,0.020380952380952378,0.020380952380952378,0.020380952380952378,0.020380952380952378,0.020380952380952378,0.020380952380952378,0.03371428571428571,0.03371428571428571,0.05371428571428571,0.05371428571428571,0.047047619047619046,0.047047619047619046,0.0514920634920635,0.0514920634920635
Isis,0.125,0.09821428571428571,0.12999231950844856,0.10999423963133641,0.09852170749454281,0.122101422912119,0.10465836249610201,0.09752844813647021,0.09727396448109521,0.10572838621480388,0.10681190190650619,0.09791091008096402,0.09037930161319754,0.08732499775647255,0.0815033312393744,0.08161770637024682,0.0838754883484676,0.08491374469378066,0.08796339722869445,0.08356522736725973,0.08459846215428245,0.08877446788523752,0.08491470841196633,0.08778685197172414,0.08760871122618852,0.08260871122618851,0.07975156836904565,0.07633395720949901,0.07587241874796055,0.07576715559006582,0.07283382225673248,0.07727826670117692,0.07981794924085947,0.08267509209800233,0.08240236482527505,0.0853155300913815,0.09064886342471484,0.09598219675804817,0.0974107681866196,0.10341076818661961,0.10189561667146808,0.10551666930304701,0.11141410520048294,0.11833139843356562,0.12404568414785133,0.1282562104636408,0.13453072026756238,0.15253072026756237,0.1623768741137162,0.16793242966927177,0.17459909633593845,0.19306063479747693,0.2087363104731526,0.22497562671246882,0.2396422933791355,0.23929141618615307,0.2558996033206559,0.2694551588762115,0.2769061392683684,0.278477567839797,0.2708585202207493,0.265525186887416
Journal of Medical Ethics,0.0,0.0,0.0,0.0,0.0,0.0,0.0,0.0,0.0,0.0,0.0,0.0,0.0,0.0,0.0,0.0,0.0,0.0,0.0,0.0,0.0,0.0,0.0,0.0,0.0,0.01,0.02,0.036000000000000004,0.036000000000000004,0.036000000000000004,0.036000000000000004,0.04933333333333333,0.04933333333333333,0.05600000000000001,0.06266666666666668,0.06266666666666668,0.07600000000000001,0.07600000000000001,0.08600000000000002,0.09100000000000001,0.09766666666666668,0.10623809523809526,0.11423809523809526,0.12623809523809526,0.16623809523809527,0.17157142857142862,0.19061904761904766,0.20441215106732355,0.2122382380238453,0.22290490469051197,0.2285570786035554,0.22855707860355537,0.24255707860355538,0.25969993574641254,0.2873922434387202,0.2873922434387202,0.305170021216498,0.3174777135241903,0.3508110468575236,0.3441443801908569,0.3441443801908569,0.33081104685752366
Journal of Nietzsche Studies,0.0,0.0,0.0,0.0,0.0,0.0,0.0,0.0,0.0,0.0,0.0,0.0,0.0,0.0,0.0,0.0,0.0,0.0,0.0,0.0,0.0,0.0,0.0,0.0,0.0,0.0,0.0,0.0,0.0,0.0,0.0,0.0,0.0,0.0,0.0,0.0,0.0,0.0,0.0,0.0,0.0,0.0,0.0,0.0,0.0,0.0,0.0,0.0,0.0,0.0,0.0,0.0,0.0,0.0,0.01,0.01,0.03,0.07,0.11,0.11,0.11,0.11
Journal of Philosophical Logic,0.0,0.0,0.0,0.0,0.0,0.0,0.0,0.0,0.0,0.0,0.0,0.0,0.0,0.0,0.0,0.0,0.0,0.0,0.0,0.0,0.0,0.0,0.005797101449275362,0.00876068376068376,0.011267399267399267,0.011267399267399267,0.01597328162034044,0.01597328162034044,0.01597328162034044,0.01597328162034044,0.01597328162034044,0.0221271277741866,0.0221271277741866,0.0221271277741866,0.0221271277741866,0.0221271277741866,0.0221271277741866,0.0221271277741866,0.0221271277741866,0.0221271277741866,0.028793794440853265,0.028793794440853265,0.028793794440853265,0.028793794440853265,0.03146046110751993,0.03146046110751993,0.03381340228399052,0.028480068950657186,0.025403145873734108,0.02254600301659125,0.027879336349924583,0.023173453996983406,0.030232277526395172,0.03444280384218465,0.036260985660366465,0.04549175489113569,0.0421950515944324,0.050195051594432404,0.05230031475232714,0.05230031475232714,0.05801460046661285,0.05801460046661285
Journal of the History of Ideas,0.0,0.047619047619047616,0.031746031746031744,0.05012531328320802,0.040100250626566414,0.040992633097896254,0.057993685512482504,0.06545035717636337,0.06859476193454522,0.07711990112570608,0.07876700968137783,0.07220309220792967,0.07333797140263741,0.07405192582625855,0.06911513077117465,0.07149186366940481,0.07358898093254906,0.07202595673932664,0.07510010546929342,0.08043600928673786,0.08026872679323019,0.0783036499861305,0.0821455202765886,0.08372279026506407,0.08401024229082514,0.08829595657653944,0.08919231511995679,0.09363675956440125,0.09902623324861175,0.10424362455295957,0.10663596905056724,0.10569051450511269,0.10669891786645724,0.10816630917080508,0.11386431486881075,0.11894367994817584,0.12258004358453947,0.12053035414354568,0.1201599837731753,0.125874269487461,0.13081932443251595,0.13320027681346835,0.13638209499528653,0.13843743096366595,0.14068851321474818,0.146500479026714,0.1522917248179598,0.15033094050423432,0.1549427052101167,0.15762213104743727,0.16788187130717752,0.17437598895423637,0.18326487784312526,0.184434108612356,0.1881056061968971,0.1905617465477743,0.19577386775989553,0.19005958204560983,0.19326324337284087,0.19283996294956046,0.1896653597749573,0.19602899613859368
Law and Philosophy,0.0,0.0,0.0,0.0,0.0,0.0,0.0,0.0,0.0,0.0,0.0,0.0,0.0,0.0,0.0,0.0,0.0,0.0,0.0,0.0,0.0,0.0,0.0,0.0,0.0,0.0,0.0,0.0,0.0,0.0,0.0,0.0,0.0,0.0036363636363636372,0.0036363636363636372,0.0072727272727272745,0.0072727272727272745,0.018701298701298705,0.023145743145743147,0.02981240981240981,0.02981240981240981,0.03708513708513708,0.05554667554667555,0.05918303918303918,0.05918303918303918,0.06318303918303919,0.06584970584970586,0.07312243312243312,0.0797890997890998,0.08610488926278399,0.091104889262784,0.09816371279219575,0.10673514136362433,0.11784625247473544,0.12673514136362432,0.13173514136362433,0.13744942707791005,0.14108579071427368,0.14835851798700095,0.16435851798700096,0.16961104323952622,0.16961104323952622
Linguistics and Philosophy,0.0,0.0,0.0,0.0,0.0,0.0,0.0,0.0,0.0,0.0,0.0,0.0,0.0,0.0,0.0,0.0,0.0,0.0,0.0,0.0,0.0,0.0,0.0,0.0,0.0,0.0,0.0,0.013333333333333332,0.021333333333333333,0.021333333333333333,0.021333333333333333,0.037333333333333336,0.04428985507246377,0.06247167325428194,0.07136056214317082,0.07421770500031369,0.0799319907145994,0.09084108162369031,0.09884108162369032,0.09884108162369032,0.10772997051257921,0.1097299705125792,0.1097299705125792,0.1137299705125792,0.11736633414894283,0.11736633414894283,0.13236633414894283,0.14775094953355822,0.15917952096212964,0.17008861187122054,0.17897750076010943,0.19231083409344277,0.18469178647439516,0.18240607218868088,0.19129496107756977,0.20329496107756978,0.19872353250614122,0.19882583429642253,0.1898747853453736,0.1859858964564847,0.18312875359934186,0.17741446788505613
Mind,0.0,0.027777777777777776,0.018518518518518517,0.05555555555555555,0.04444444444444444,0.037037037037037035,0.031746031746031744,0.039141414141414144,0.03479236812570146,0.0455988455988456,0.0528171323625869,0.06356721981721981,0.06202191528278485,0.061351176973112244,0.06059443184157143,0.060096753535683736,0.06167673990059236,0.0615182282067686,0.058280426722201836,0.059366405386091746,0.06334215478947514,0.0622811477535899,0.05957327176430338,0.05709105210745741,0.06096125617700526,0.06096125617700526,0.06221729482434826,0.07221729482434826,0.07100517361222705,0.07274430404700966,0.07582122712393273,0.08010694140964703,0.07932772063042623,0.07932772063042623,0.07543161673432233,0.07757447387717949,0.07178322808593368,0.07129409765115109,0.06918883449325634,0.07026575757017943,0.07404284735346116,0.07204606796537742,0.07344312678890683,0.07344312678890683,0.07178158832736838,0.07035301689879694,0.07171597986175988,0.07604030418608422,0.08104030418608421,0.07841586979694397,0.08241586979694397,0.08364349128031993,0.07745301508984374,0.07390323154006018,0.0754974344386109,0.07353162247279893,0.07257924152041798,0.08148680454562805,0.08148680454562805,0.07966862272744624,0.07768705590716975,0.0798419380620519
Philosophical Issues,0.0,0.0,0.0,0.0,0.0,0.0,0.0,0.0,0.0,0.0,0.0,0.0,0.0,0.0,0.0,0.0,0.0,0.0,0.0,0.0,0.0,0.0,0.0,0.0,0.0,0.0,0.0,0.0,0.0,0.0,0.0,0.0,0.0,0.0,0.0,0.0,0.0,0.0,0.0,0.0,0.0,0.0,0.0,0.0,0.0,0.004,0.006857142857142857,0.009523809523809525,0.009523809523809525,0.009523809523809525,0.009523809523809525,0.009523809523809525,0.009523809523809525,0.009523809523809525,0.009523809523809525,0.009523809523809525,0.009523809523809525,0.009523809523809525,0.009523809523809525,0.009523809523809525,0.009523809523809525,0.009523809523809525
Philosophical Perspectives,0.0,0.0,0.0,0.0,0.0,0.0,0.0,0.0,0.0,0.0,0.0,0.0,0.0,0.0,0.0,0.0,0.0,0.0,0.0,0.0,0.0,0.0,0.0,0.0,0.0,0.0,0.0,0.0,0.0,0.0,0.0,0.0,0.0,0.0,0.0,0.0,0.0,0.003076923076923077,0.006153846153846154,0.008653846153846154,0.014368131868131868,0.016368131868131866,0.0316062271062271,0.0316062271062271,0.0316062271062271,0.036312109459168275,0.036312109459168275,0.036312109459168275,0.036312109459168275,0.036312109459168275,0.036312109459168275,0.036312109459168275,0.036312109459168275,0.036312109459168275,0.036312109459168275,0.036312109459168275,0.036312109459168275,0.036312109459168275,0.036312109459168275,0.036312109459168275,0.036312109459168275,0.036312109459168275
Philosophical Studies: An International Journal for Philosophy in the Analytic Tradition,0.0,0.0625,0.041666666666666664,0.03125,0.025,0.020833333333333332,0.04642857142857143,0.053125000000000006,0.055769230769230765,0.06447802197802197,0.05861638361638361,0.060676129426129426,0.06455574340189724,0.059944618873190296,0.060710215710215704,0.05691582722832722,0.06533254327371973,0.06170295753629086,0.05845543345543345,0.05553266178266177,0.052888249316820735,0.05048423798423798,0.04984206614641397,0.0495014245014245,0.04752136752136752,0.049121367521367525,0.046264224664224675,0.04871320425606141,0.05049098203383919,0.054657648700505865,0.05974855779141495,0.05499180103465818,0.05280998285283999,0.053635498800307164,0.05423700255970567,0.059570335893039,0.059665573988277085,0.056273761122780014,0.061122245971264866,0.06326510311412199,0.06770954755856645,0.06341325126227015,0.06728421900420563,0.06995088567087229,0.07521404356560914,0.08143626578783136,0.08669942368256821,0.09210012054667972,0.09396286564471894,0.09534217598954652,0.09874217598954652,0.09945646170383222,0.10171336446493667,0.10693558668715887,0.10835031536932942,0.10842069660100098,0.11276366025430944,0.1164000238906731,0.11749758486628284,0.11733564154644478,0.11612601955331765,0.11269744812474622
Philosophy,0.0,0.0,0.0,0.25,0.3333333333333333,0.27777777777777773,0.2738095238095238,0.23958333333333331,0.21296296296296294,0.19166666666666665,0.17424242424242423,0.19305555555555554,0.17820512820512818,0.16547619047619047,0.15444444444444444,0.14479166666666665,0.14162210338680925,0.1393097643097643,0.1385566188197767,0.13162878787878787,0.12536075036075034,0.12792699724517906,0.12719587176108912,0.12536826599326598,0.127020202020202,0.131020202020202,0.13935353535353534,0.1426868686868687,0.1176868686868687,0.09602020202020203,0.10342760942760944,0.10342760942760944,0.11092760942760943,0.11981649831649832,0.12648316498316498,0.13490421761474394,0.12254058125110756,0.12949710299023798,0.13616376965690466,0.1398001332932683,0.14190539645116304,0.1439833185290851,0.14442776297352952,0.143638289289319,0.14671521236624208,0.15115965681068652,0.1454253910764208,0.14498094663197636,0.147647613298643,0.14542539107642083,0.14664278238076864,0.148835764836909,0.14857935458049876,0.1402460212471654,0.1371507831519273,0.1297433757445199,0.12444925809746107,0.1283778295260325,0.12520322635142933,0.11853655968476266,0.12344884038651704,0.11981247675015341
Philosophy & Public Affairs,0.0,0.0,0.0,0.0,0.0,0.0,0.0,0.0,0.0,0.0,0.0,0.0,0.0,0.0,0.0,0.0,0.0,0.0,0.0,0.0,0.0,0.0,0.0,0.0,0.003333333333333333,0.003333333333333333,0.003333333333333333,0.008333333333333333,0.010686274509803922,0.010686274509803922,0.012908496732026143,0.016241830065359474,0.016241830065359474,0.016241830065359474,0.026241830065359472,0.03513071895424836,0.040464052287581695,0.04281699346405229,0.048150326797385616,0.05348366013071895,0.06075638740344622,0.0638333104803693,0.06716664381370263,0.07807573472279354,0.08140906805612687,0.08807573472279354,0.09171209835915717,0.09171209835915717,0.09171209835915717,0.09726765391471273,0.10526765391471274,0.11026765391471274,0.10526765391471274,0.10558137940490883,0.11058137940490884,0.11306503953562778,0.11473170620229445,0.11473170620229445,0.12362059509118334,0.11806503953562779,0.10917615064673888,0.10384281731340556
Philosophy and Phenomenological Research,0.13333333333333333,0.06666666666666667,0.044444444444444446,0.03333333333333333,0.026666666666666665,0.022222222222222223,0.019047619047619046,0.024479166666666666,0.02175925925925926,0.019583333333333335,0.017803030303030303,0.016319444444444445,0.02055860805860806,0.028018707482993198,0.02615079365079365,0.024516369047619047,0.023074229691876752,0.024716304650515178,0.023415446511014376,0.02487625313283208,0.023691669650316265,0.02261477557530189,0.024737114525444047,0.027674655388471178,0.02656766917293233,0.0231390977443609,0.0231390977443609,0.02549203892083149,0.02749203892083149,0.02749203892083149,0.033492038920831496,0.036349181777974346,0.035954444935869086,0.040660327288810263,0.042399457723592875,0.04430421962835478,0.05045806578220093,0.0529342562583914,0.05264013861133257,0.05401944895616016,0.058157379990642924,0.06367462136995326,0.06520572184842217,0.07020572184842218,0.07254490313497189,0.07787823646830522,0.08187823646830522,0.08620058079064954,0.08854490313497188,0.09224860683867558,0.09485997396617173,0.09930441841061617,0.1006551809378493,0.10707623356942825,0.11248163897483365,0.11113280176553132,0.11423310571689912,0.11212784255900439,0.1074219602060632,0.10568282977128059,0.10377806786651869,0.09762422171267256
Philosophy East and West,0.0,0.0,0.0,0.0,0.0,0.0,0.0,0.0,0.0,0.0,0.0,0.0,0.02564102564102564,0.023809523809523808,0.02222222222222222,0.020833333333333332,0.0196078431372549,0.018518518518518517,0.017543859649122806,0.016666666666666666,0.021164021164021163,0.0202020202020202,0.01932367149758454,0.02685185185185185,0.033777777777777775,0.033777777777777775,0.033777777777777775,0.03877777777777777,0.042111111111111106,0.042111111111111106,0.047111111111111104,0.05018803418803418,0.05326495726495725,0.05326495726495725,0.05859829059829059,0.06126495726495725,0.06459829059829059,0.06126495726495726,0.06490132090132089,0.07632989232989232,0.07632989232989232,0.07632989232989232,0.08775846375846375,0.08775846375846375,0.09347274947274946,0.10045687645687643,0.10045687645687643,0.10490132090132087,0.1009013209013209,0.09734576534576533,0.09734576534576533,0.09734576534576533,0.09901243201243201,0.10234576534576532,0.10806005106005104,0.10877433677433675,0.10569741369741369,0.10833477633477631,0.11404906204906202,0.12471572871572871,0.1287157287157287,0.12538239538239537
Philosophy of Science,0.10526315789473684,0.05263157894736842,0.05592105263157895,0.04194078947368421,0.06082535885167464,0.0506877990430622,0.049940191387559806,0.04369766746411483,0.05053827751196172,0.0510400053163211,0.050729009162023504,0.049375154950245685,0.049073569604422586,0.05106282012718361,0.053455733567980064,0.05011475021998131,0.051368504408721906,0.04851469860823735,0.04596129341833013,0.043663228747413615,0.04430511581386331,0.044683591410840814,0.044019598945407835,0.04432220112610131,0.04465457623895199,0.0434070128861255,0.044786323230953086,0.045363246307876165,0.04990870085333071,0.04667637762100747,0.04917637762100747,0.04838383682846668,0.050435118879748726,0.04711348145284813,0.046942541281907973,0.0486741430135097,0.049961499335348776,0.05354872292257237,0.0542813236551731,0.05524750723005233,0.058247507230052335,0.05919988818243329,0.06148560246814758,0.06390984489239,0.06867174965429476,0.07226838830975693,0.0765631251518622,0.08305788744033923,0.0853309297133815,0.08822566655548676,0.09149646982629005,0.09398812722339793,0.09466120414647486,0.09907097348161732,0.10460994528924583,0.109127489148895,0.11857803859944444,0.12178991444289924,0.12460472925771406,0.130553447206432,0.12691708357006837,0.12425041690340172
Phronesis,0.0,0.0,0.0,0.0,0.0,0.0,0.0,0.0625,0.05555555555555555,0.08333333333333333,0.07575757575757575,0.06944444444444443,0.0641025641025641,0.05952380952380952,0.06296296296296296,0.059027777777777776,0.05555555555555555,0.05246913580246913,0.06725146198830409,0.06388888888888888,0.06878306878306878,0.06565656565656565,0.0714975845410628,0.0723063973063973,0.07941414141414141,0.09274747474747475,0.10608080808080808,0.11408080808080809,0.12135353535353537,0.13135353535353536,0.13135353535353536,0.13535353535353536,0.12735353535353533,0.12735353535353533,0.11902020202020201,0.135020202020202,0.135020202020202,0.14302020202020202,0.14873448773448772,0.15762337662337664,0.15762337662337664,0.16562337662337662,0.1722900432900433,0.15895670995670996,0.16467099567099566,0.158004329004329,0.166004329004329,0.17133766233766234,0.18103463203463202,0.17103463203463207,0.1677012987012987,0.15436796536796538,0.15636796536796538,0.1590952380952381,0.15480952380952384,0.15480952380952384,0.15080952380952384,0.15214285714285716,0.15214285714285716,0.14714285714285716,0.13114285714285714,0.13114285714285714
Political Theory,0.0,0.0,0.0,0.0,0.0,0.0,0.0,0.0,0.0,0.0,0.0,0.0,0.0,0.0,0.0,0.0,0.0,0.0,0.0,0.0,0.0,0.0,0.0,0.006944444444444444,0.010666666666666666,0.02007843137254902,0.022183694530443755,0.022183694530443755,0.027897980244729465,0.03539798024472947,0.047897980244729466,0.05025092142120005,0.062015627303553,0.06723301860790082,0.07485206622694844,0.08285206622694843,0.08445206622694844,0.08808842986331207,0.09536115713603933,0.09936115713603934,0.11216115713603933,0.12358972856461076,0.1306485520940225,0.14337582482129524,0.15337582482129525,0.16337582482129526,0.17381060742999094,0.18322237213587328,0.18270955162305277,0.18598227889578,0.1849915668214766,0.19177519255247077,0.20066408144135967,0.20906744278589745,0.2149007761192308,0.2129270919087045,0.22924081739890056,0.22636500040543653,0.2351476091010887,0.22752856148204106,0.21952856148204108,0.2179285614820411
Polity,0.0,0.0,0.0,0.0,0.0,0.0,0.0,0.0,0.0,0.0,0.0,0.0,0.0,0.0,0.0,0.0,0.0,0.0,0.0,0.0,0.0016420361247947452,0.00346133751306165,0.0033108445777111435,0.004775456822870615,0.011251105216622457,0.011251105216622457,0.015060629026146266,0.016599090564607802,0.01935771125426298,0.023228678996198463,0.02822867899619846,0.034895345662865125,0.043645345662865126,0.048445345662865125,0.05476113513654934,0.058290546901255215,0.06400483261554092,0.0682153589313304,0.07306384377981526,0.07556384377981526,0.08181384377981527,0.08736939933537081,0.09382101223859662,0.10007101223859662,0.11039359288375791,0.1206271857647368,0.12417791040241795,0.12571637194087948,0.13454828077278833,0.13740542362993116,0.1464376816944473,0.15306294049361913,0.15697902440970304,0.16672040372004787,0.17012216325083962,0.17143795272452386,0.16877128605785718,0.17335461939119048,0.18188795272452385,0.18890549658417297,0.1949760848194671,0.18926179910518137
Proceedings of the Aristotelian Society,0.0,0.0,0.3333333333333333,0.25,0.2,0.20833333333333334,0.17857142857142858,0.15625,0.1388888888888889,0.175,0.1590909090909091,0.14583333333333334,0.1346153846153846,0.1392857142857143,0.13,0.121875,0.12941176470588237,0.12222222222222223,0.11578947368421054,0.11000000000000001,0.1285714285714286,0.12272727272727274,0.13188405797101452,0.14722222222222223,0.14133333333333334,0.15733333333333335,0.16400000000000003,0.13733333333333334,0.13733333333333334,0.13733333333333334,0.1433333333333333,0.1433333333333333,0.15666666666666665,0.15666666666666665,0.13666666666666666,0.14,0.14666666666666667,0.15666666666666665,0.14866666666666667,0.15533333333333332,0.15896969696969696,0.14896969696969697,0.15296969696969698,0.15296969696969698,0.15912354312354313,0.15003263403263403,0.15366899766899766,0.14956643356643354,0.14156643356643353,0.14728071928071926,0.14128071928071928,0.1346140526140526,0.1305114885114885,0.14117815517815516,0.14617815517815516,0.13017815517815517,0.1435114885114885,0.13267815517815518,0.15134482184482187,0.16334482184482188,0.1685829170829171,0.1619162504162504
Public Affairs Quarterly,0.0,0.0,0.0,0.0,0.0,0.0,0.0,0.0,0.0,0.0,0.0,0.0,0.0,0.0,0.0,0.0,0.0,0.0,0.0,0.0,0.0,0.0,0.0,0.0,0.0,0.0,0.0,0.0,0.0,0.0,0.0,0.0,0.0,0.0,0.0,0.0,0.0,0.004,0.013999999999999999,0.027333333333333334,0.03096969696969697,0.04430303030303031,0.04963636363636364,0.05327272727272727,0.056606060606060604,0.06387878787878788,0.0695930735930736,0.07574691974691974,0.08431834831834832,0.09320723720723721,0.09320723720723721,0.09320723720723721,0.09765168165168166,0.10995937395937397,0.11937113866525632,0.12664386593798357,0.12997719927131693,0.12997719927131693,0.13531053260465026,0.13931053260465026,0.13931053260465026,0.13931053260465026
Religious Studies,0.0,0.0,0.0,0.0,0.0,0.0,0.0,0.0,0.0,0.0,0.0,0.0,0.0,0.0,0.0,0.0,0.0,0.0,0.0,0.008333333333333333,0.007936507936507936,0.007575757575757575,0.007246376811594202,0.006944444444444444,0.006666666666666666,0.006666666666666666,0.006666666666666666,0.006666666666666666,0.006666666666666666,0.006666666666666666,0.006666666666666666,0.02,0.02,0.02,0.02,0.02,0.02,0.04,0.04,0.048,0.068,0.068,0.068,0.068,0.06133333333333333,0.06133333333333333,0.06133333333333333,0.06133333333333333,0.06133333333333333,0.06133333333333333,0.06133333333333333,0.06133333333333333,0.06133333333333333,0.06133333333333333,0.06466666666666666,0.06466666666666666,0.05133333333333333,0.05133333333333333,0.05133333333333333,0.05133333333333333,0.05496969696969696,0.05496969696969696
Studia Logica: An International Journal for Symbolic Logic,0.0,0.0,0.0,0.25,0.2,0.3333333333333333,0.2857142857142857,0.25,0.2222222222222222,0.2,0.18181818181818182,0.16666666666666666,0.15384615384615385,0.14285714285714285,0.13333333333333333,0.125,0.11764705882352941,0.1111111111111111,0.10526315789473684,0.1,0.09523809523809523,0.09090909090909091,0.08695652173913043,0.08333333333333333,0.08,0.08666666666666666,0.08666666666666666,0.08666666666666666,0.04666666666666667,0.0503030303030303,0.02121212121212121,0.02921212121212121,0.02921212121212121,0.02921212121212121,0.032289044289044284,0.032289044289044284,0.032289044289044284,0.032289044289044284,0.032289044289044284,0.032289044289044284,0.032289044289044284,0.032289044289044284,0.032289044289044284,0.032289044289044284,0.03895571095571095,0.05038428238428238,0.05038428238428238,0.05705094905094905,0.05705094905094905,0.05705094905094905,0.050384282384282386,0.050384282384282386,0.06593983793983794,0.06593983793983794,0.0623034743034743,0.05139438339438339,0.05066711066711067,0.05866711066711067,0.06422266622266622,0.06364574314574314,0.06936002886002886,0.06936002886002886
Synthese,0.0,0.0,0.0,0.0,0.0,0.0,0.0,0.0,0.0,0.0,0.0,0.0,0.038461538461538464,0.03571428571428571,0.03333333333333333,0.03125,0.029411764705882353,0.03518518518518518,0.03333333333333333,0.03956140350877193,0.037677527151211365,0.035964912280701755,0.034401220442410375,0.032967836257309945,0.03609356725146199,0.03831578947368421,0.03831578947368421,0.03979727095516569,0.04424171539961014,0.04690838206627681,0.04805123920913394,0.04892080442652525,0.05177794728366811,0.05438664293584203,0.055439274514789395,0.05786351693903182,0.05996878009692655,0.04312667483376865,0.049955943126451574,0.05274664080087017,0.05941330746753684,0.06541330746753685,0.06524126445678416,0.07139511061063031,0.06942714722390261,0.07387159166834706,0.07666228934276567,0.0788845115649879,0.08110673378721012,0.0806622893427657,0.08288451156498791,0.08574165442213078,0.08836273704321342,0.08577875771504802,0.08577875771504802,0.08796923390552422,0.09272466868813291,0.09339693759569595,0.09694208809736818,0.10224459670533671,0.10706173359143911,0.10495647043354435
The British Journal for the Philosophy of Science,0.0,0.0,0.06666666666666667,0.07777777777777778,0.06222222222222222,0.06574074074074074,0.05634920634920635,0.06180555555555556,0.10544332210998877,0.0948989898989899,0.11657483930211203,0.1276936026936027,0.13325563325563325,0.1339414553700268,0.15358345358345357,0.14398448773448771,0.1355148119854002,0.12798621131954463,0.12563605984658616,0.12935425685425686,0.12319453033738748,0.12026857574985916,0.11961616627789731,0.11694697416446641,0.11226909519788775,0.11226909519788775,0.11607861900741157,0.112523063451856,0.10807861900741157,0.10807861900741157,0.11007861900741155,0.11257861900741155,0.10857861900741156,0.09039680082559337,0.0922149826437752,0.08123459048691245,0.07431151356383553,0.06907013425349072,0.06335584853920499,0.04897161208600302,0.05182875494314588,0.05182875494314588,0.05546511857950951,0.05441749953189046,0.047233826062502725,0.05087018969886636,0.05005571006085731,0.04932344461463305,0.05210122239241084,0.05825506854625699,0.062392999580739746,0.06166039884813901,0.06388262107036123,0.06788262107036123,0.07151898470672487,0.06761422280196297,0.07238695007469025,0.07238695007469025,0.07602331371105388,0.07820513189287207,0.08442361928783004,0.08596208082629159
The Bulletin of Symbolic Logic,0.0,0.0,0.0,0.0,0.0,0.0,0.0,0.0,0.0,0.0,0.0,0.0,0.0,0.0,0.0,0.0,0.0,0.0,0.0,0.0,0.0,0.0,0.0,0.0,0.0,0.0,0.0,0.0,0.0,0.0,0.0,0.0,0.0,0.0,0.0,0.0,0.0,0.0,0.0,0.0,0.0,0.0,0.0,0.0,0.0,0.0,0.003333333333333333,0.003333333333333333,0.011333333333333332,0.014969696969696971,0.022242424242424244,0.02446464646464647,0.027131313131313135,0.03157575757575758,0.03602020202020203,0.04173448773448774,0.044811410811410816,0.044811410811410816,0.044811410811410816,0.058144744144744145,0.058144744144744145,0.07814474414474415
The Journal of Aesthetics and Art Criticism,0.21428571428571427,0.1456043956043956,0.11373626373626372,0.10802947052947053,0.08642357642357643,0.08651240064283543,0.0816722832577687,0.07146324785054761,0.07939590285128041,0.07516001626985606,0.07773167623278451,0.07472625876894136,0.08051654655594587,0.07476536465909259,0.08190221913636521,0.08868809234510429,0.08858623525063523,0.09648529055722388,0.09694728357498772,0.10321103050734945,0.098296219530809,0.09564639137031769,0.09817681582578883,0.09552289677557635,0.09477890398147638,0.0938997831023555,0.09844190764448005,0.10236783357040596,0.10742712210795538,0.11264451341230322,0.1200753434518289,0.12225579457964847,0.131779604103458,0.13368436600821987,0.13620288452673843,0.13838074296593986,0.14141995865221435,0.1431618941360853,0.1431618941360853,0.14228916686335805,0.14684403228778867,0.1485831627225713,0.14468572682513542,0.15020493023907566,0.1490083490424945,0.15105963109377651,0.15855054018468562,0.15559669403083948,0.1656459551145833,0.16971188918051738,0.16897610322734014,0.17044796469920162,0.17294309140485456,0.1733383483218506,0.17772095701750282,0.17758109687764265,0.1767736434614936,0.17613872282657297,0.18028438108987824,0.18428438108987827,0.18973329749854706,0.18502741514560586
The Journal of Ethics,0.0,0.0,0.0,0.0,0.0,0.0,0.0,0.0,0.0,0.0,0.0,0.0,0.0,0.0,0.0,0.0,0.0,0.0,0.0,0.0,0.0,0.0,0.0,0.0,0.0,0.0,0.0,0.0,0.0,0.0,0.0,0.0,0.0,0.0,0.0,0.0,0.0,0.0,0.0,0.0,0.0,0.0,0.0,0.0,0.0,0.0,0.0,0.006666666666666666,0.013333333333333332,0.03619047619047619,0.03619047619047619,0.03619047619047619,0.05157509157509157,0.05957509157509157,0.06624175824175824,0.06624175824175824,0.07068620268620268,0.07774502621561445,0.0813813898519781,0.09738138985197808,0.09738138985197808,0.09738138985197808
The Journal of Philosophy,0.04166666666666666,0.02083333333333333,0.04419191919191919,0.06255570409982174,0.0676916221033868,0.08711143947212058,0.07466694811896049,0.08033357960409043,0.08529651520363594,0.09494868186509053,0.08907180445035778,0.09427541670575727,0.09491300792562998,0.09123909742162536,0.09071204648240588,0.09198698802169997,0.09010540049101173,0.08864564419895789,0.08792745239901274,0.085970104169306,0.08457170747481076,0.08340133574467229,0.08068098781374451,0.08046393407622214,0.08057871004650659,0.08096332543112196,0.08318554765334417,0.08171134617914272,0.07895668333839666,0.07828441443083363,0.07548742194963064,0.0815480280102367,0.0817480280102367,0.08061899575217218,0.07791769705087348,0.08263150176467819,0.08122205849476981,0.08397663724934856,0.08459044799103653,0.08811425751484606,0.09033647973706828,0.09168647973706827,0.09640601552043383,0.10197744409186242,0.10464160919505192,0.10933397999078613,0.11269532452860126,0.11549835483163155,0.11421861734188588,0.1125519506752192,0.11777339589666441,0.1166622847855533,0.11631830444157294,0.11436708492937782,0.11817660873890162,0.11741470397699688,0.1238540979163908,0.1188540979163908,0.11498313017445531,0.11041170160302675,0.10448577567710084,0.09983461288640318
The Journal of Religious Ethics,0.0,0.0,0.0,0.0,0.0,0.0,0.0,0.0,0.0,0.0,0.0,0.0,0.0,0.0,0.0,0.0,0.0,0.0,0.0,0.0,0.0,0.0,0.0,0.0,0.0,0.0,0.0,0.0,0.0,0.0,0.0,0.004,0.013999999999999999,0.013999999999999999,0.013999999999999999,0.013999999999999999,0.020666666666666663,0.020666666666666663,0.020666666666666663,0.020666666666666663,0.033999999999999996,0.033999999999999996,0.033999999999999996,0.04066666666666666,0.04066666666666666,0.04733333333333333,0.05733333333333333,0.06266666666666666,0.076,0.08266666666666665,0.09266666666666666,0.11266666666666665,0.12409523809523808,0.1280952380952381,0.13698412698412699,0.1392063492063492,0.1402063492063492,0.13020634920634921,0.13636019536019536,0.13886019536019537,0.1535970374654585,0.14693037079879182
The Journal of Speculative Philosophy,0.0,0.0,0.0,0.0,0.0,0.0,0.0,0.0,0.0,0.0,0.0,0.0,0.0,0.0,0.0,0.0,0.0,0.0,0.0,0.0,0.0,0.0,0.0,0.0,0.0,0.0,0.0,0.0,0.0,0.0,0.0,0.0,0.0,0.0,0.0,0.0,0.0,0.006666666666666666,0.02,0.06,0.08,0.08,0.08,0.08666666666666666,0.1,0.10800000000000001,0.10800000000000001,0.12133333333333335,0.128,0.13371428571428573,0.14171428571428574,0.14171428571428574,0.15314285714285714,0.15980952380952382,0.15980952380952382,0.15980952380952382,0.16480952380952382,0.17052380952380955,0.18385714285714286,0.19385714285714287,0.19385714285714287,0.19385714285714287
The Journal of Symbolic Logic,0.0,0.0,0.0,0.0,0.0,0.0,0.0,0.011904761904761904,0.029100529100529095,0.026190476190476188,0.032073986619441164,0.0294011544011544,0.033549783549783545,0.031153370439084723,0.029076479076479075,0.033509199134199134,0.03153806977336389,0.03563390800232905,0.03738820322543696,0.0368008443462164,0.03937742751587709,0.038816045675474815,0.039543850452869636,0.0411013182224616,0.04301282104911869,0.04949930753560517,0.05342087616305616,0.05584511858729858,0.06028956303174302,0.06234084508302508,0.06519798794016793,0.06933591897465069,0.06908195072068245,0.06797083960957133,0.07156058319931492,0.07167421956295128,0.07619034859520935,0.07463479303965379,0.08218196285097454,0.08405696285097454,0.08601440965948517,0.08913940965948518,0.08864981357625384,0.09043664743205322,0.09441100640641219,0.09469621139749956,0.10014574256131642,0.10554256795814179,0.10691008932566318,0.10647953377010763,0.106850190140764,0.10748558353862948,0.11201786285351747,0.11328770412335874,0.12167120468077235,0.12325850626807393,0.11912057523359117,0.11556501967803562,0.11000946412248007,0.10641972053273648,0.10266972053273647,0.09815359150047842
The Monist,0.0,0.0,0.0,0.0,0.0,0.0,0.0,0.0,0.0,0.0,0.0,0.0,0.0,0.011904761904761904,0.01111111111111111,0.010416666666666666,0.00980392156862745,0.009259259259259259,0.008771929824561403,0.008333333333333333,0.012698412698412698,0.017803030303030303,0.023240165631469977,0.026059704184704185,0.025017316017316018,0.025017316017316018,0.025017316017316018,0.025017316017316018,0.025017316017316018,0.025017316017316018,0.025017316017316018,0.03168398268398268,0.03701731601731602,0.04172319837025719,0.046167642814701634,0.04902478567184449,0.04902478567184449,0.04902478567184449,0.04235811900517783,0.05569145233851116,0.05569145233851116,0.05569145233851116,0.060135896782955604,0.0801358967829556,0.09156446821152703,0.09327875392581275,0.09399303964009846,0.08827875392581275,0.0846423902894491,0.10464239028944909,0.12064239028944909,0.1306423902894491,0.13397572362278243,0.13397572362278243,0.13730905695611578,0.1406423902894491,0.13397572362278246,0.13664239028944913,0.15193650793650795,0.1674920634920635,0.16463492063492066,0.16463492063492066
The Philosophical Quarterly,0.0,0.0,0.0,0.0,0.0,0.0,0.0,0.02272727272727273,0.020202020202020207,0.018181818181818184,0.016528925619834715,0.023484848484848487,0.03706293706293707,0.041558441558441565,0.038787878787878795,0.04261363636363637,0.040106951871657755,0.03787878787878788,0.05092276144907724,0.052222777222777225,0.049735978307406885,0.04747525202070657,0.051622290752725536,0.049471361971361975,0.05112887112887113,0.06567432567432568,0.06931068931068932,0.07331068931068932,0.07616783216783217,0.07616783216783217,0.07902497502497502,0.08652497502497504,0.0836966921966922,0.0856966921966922,0.0896966921966922,0.09143582263147482,0.08917495306625742,0.08732879922010356,0.0890430849343893,0.09104308493438928,0.092757370648675,0.092757370648675,0.092757370648675,0.08132879922010358,0.08868665875187615,0.09188665875187615,0.09760094446616187,0.09938665875187615,0.09938665875187615,0.10075029511551252,0.08896346125971315,0.08818424048049238,0.08918424048049235,0.08985650938805538,0.09318984272138872,0.09722925158838379,0.0943446362037684,0.0943446362037684,0.0971446362037684,0.09866187758307873,0.10540759563314461,0.103668465198362
The Philosophical Review,0.0,0.0,0.0,0.01666666666666667,0.013333333333333336,0.019883040935672516,0.025445967860828544,0.02770000448692063,0.039773741362111266,0.03579636722590014,0.040117909599303156,0.041676711250341614,0.04167593859005892,0.03869908583362614,0.03878581344471774,0.03636170010442288,0.03422277656886859,0.032321511203931445,0.030620379035303475,0.029089360083538303,0.02997172615665779,0.03365988001822385,0.03581959537975035,0.038493778905594085,0.03695402774937032,0.04266831346365604,0.04711275790810048,0.04885188834288309,0.04853816285268702,0.05044292475744893,0.05633766159955418,0.06398472042308359,0.07224558998830098,0.07479104453375553,0.07479104453375553,0.0714577112004222,0.0741047700239516,0.07607446699364857,0.07607446699364857,0.08114113366031522,0.09256970508888665,0.09678023140467612,0.09900245362689834,0.1060612771563101,0.11106127715631009,0.11223343832847128,0.11086591696094994,0.11197702807206104,0.11654845664348962,0.12154845664348962,0.12506494015997316,0.12506494015997316,0.12640273280211364,0.12804979162564303,0.13014502972088116,0.13414502972088113,0.12778139335724475,0.12085831643416783,0.11785831643416783,0.11785831643416783,0.11785831643416783,0.11285831643416783
The Pluralist,0.0,0.0,0.0,0.0,0.0,0.0,0.0,0.0,0.0,0.0,0.0,0.0,0.0,0.0,0.0,0.0,0.0,0.0,0.0,0.0,0.0,0.0,0.0,0.0,0.0,0.0,0.0,0.0,0.0,0.0,0.0,0.0,0.0,0.0,0.0,0.0,0.0,0.0,0.0,0.0,0.0,0.0,0.0,0.0,0.0,0.0,0.0,0.0,0.0,0.0,0.0,0.0,0.0,0.0,0.0,0.0,0.0,0.0044444444444444444,0.0044444444444444444,0.015873015873015872,0.015873015873015872,0.015873015873015872
The Review of Metaphysics,0.0,0.0,0.030303030303030307,0.02272727272727273,0.018181818181818184,0.015151515151515154,0.01298701298701299,0.011363636363636366,0.010101010101010104,0.009090909090909092,0.008264462809917357,0.007575757575757577,0.006993006993006994,0.018398268398268396,0.01717171717171717,0.026515151515151512,0.033358798064680416,0.03944203944203944,0.03736614262930052,0.03549783549783549,0.03856936714079571,0.03681621408894136,0.035215509128552605,0.03374819624819624,0.0323982683982684,0.037398268398268396,0.0423982683982684,0.04876190476190476,0.05447619047619048,0.05811255411255411,0.05811255411255411,0.06382683982683983,0.06382683982683983,0.06382683982683983,0.08382683982683982,0.08827128427128426,0.10160461760461761,0.10827128427128427,0.11303318903318901,0.12103318903318902,0.11436652236652237,0.10865223665223665,0.10293795093795094,0.11093795093795095,0.11093795093795095,0.10693795093795096,0.11693795093795095,0.11693795093795095,0.12265223665223667,0.12709668109668112,0.13009668109668113,0.13509668109668113,0.1250966810966811,0.1193823953823954,0.12574603174603174,0.12574603174603174,0.13003174603174603,0.14146031746031745,0.15146031746031746,0.13146031746031744,0.127015873015873,0.11368253968253966
The Review of Politics,0.2,0.18333333333333335,0.15555555555555556,0.1607843137254902,0.15719887955182074,0.13099906629318395,0.1301420568227291,0.11387429971988797,0.1170946156240274,0.10538515406162466,0.09580468551056787,0.08782096171802055,0.08875781081663435,0.08241796718687476,0.07692343604108311,0.07211572128851541,0.0678736200362498,0.06410286336756926,0.06072902845348666,0.057692577030812334,0.05970721621982127,0.056993251846193034,0.05451528437461942,0.056410480859010285,0.05650700280112046,0.052507002801120445,0.04584033613445378,0.04584033613445378,0.046781512605042014,0.045067226890756304,0.04792436974789916,0.0473688141923436,0.0473688141923436,0.04451167133520074,0.04686461251167133,0.04908683473389355,0.051586834733893555,0.052292717086834736,0.052292717086834736,0.05479271708683473,0.05689798024472947,0.06089798024472947,0.06489798024472948,0.0667161620629113,0.06893838428513352,0.0699383842851335,0.07279552714227637,0.07850981285656208,0.07921569520950326,0.08156863638597384,0.07992157756244443,0.08563586327673015,0.08430252994339683,0.08201681565768253,0.07801681565768252,0.08182633946720634,0.08595332359419046,0.08595332359419046,0.08754062518149204,0.08918768400502147,0.09927315409049153,0.09677315409049153
Transactions of the Charles S. Peirce Society,0.0,0.0,0.0,0.0,0.0,0.0,0.0,0.0,0.0,0.0,0.0,0.0,0.0,0.0,0.0,0.0,0.0,0.027777777777777776,0.02631578947368421,0.025,0.023809523809523808,0.022727272727272728,0.021739130434782608,0.020833333333333332,0.02,0.02,0.02,0.02,0.02,0.02,0.02,0.03333333333333333,0.03904761904761904,0.03904761904761904,0.03904761904761904,0.03904761904761904,0.03904761904761904,0.03904761904761904,0.03904761904761904,0.03904761904761904,0.05504761904761905,0.06838095238095238,0.05726984126984126,0.05726984126984126,0.05726984126984126,0.05726984126984126,0.06298412698412698,0.07098412698412697,0.08098412698412698,0.09598412698412698,0.09598412698412698,0.09598412698412698,0.10598412698412699,0.10598412698412699,0.10598412698412699,0.11829181929181928,0.11295848595848597,0.10724420024420024,0.11613308913308913,0.11613308913308913,0.11613308913308913,0.11613308913308913
Nous,0.0,0.0,0.0,0.0,0.0,0.0,0.0,0.0,0.0,0.0,0.0,0.0,0.0,0.0,0.0,0.0,0.0,0.0,0.0,0.0,0.0,0.0,0.0,0.0021929824561403508,0.004771929824561404,0.004771929824561404,0.00784885290148448,0.00784885290148448,0.010515519568151149,0.013182186234817816,0.013182186234817816,0.015535127411288405,0.015535127411288405,0.015535127411288405,0.015535127411288405,0.021249413125574115,0.021249413125574115,0.023154175030336024,0.028868460744621734,0.030607591179404342,0.032960532355874934,0.03506579551376967,0.03506579551376967,0.038875319323293474,0.04593414285270524,0.05224993232638945,0.054674174750631875,0.05924560332206044,0.05919162221544776,0.060245885781339235,0.06405540959086303,0.06440705794251139,0.06804342157887504,0.07153060106605452,0.07435413047781923,0.08086575838479597,0.08101281720832539,0.08215567435118253,0.08590567435118253,0.09701678546229363,0.09463583308134124,0.09463583308134124
median,0.0,0.0,0.0,0.0,0.0,0.0,0.0,0.0,0.0,0.0,0.0,0.0,0.0,0.0,0.0,0.0,0.0,0.0,0.0,0.0,0.0,0.0,0.005797101449275362,0.006944444444444444,0.011251105216622457,0.011746031746031744,0.01597328162034044,0.02,0.022078561789088104,0.023613700918964073,0.02571896407685881,0.0346078529657477,0.03904761904761904,0.04172319837025719,0.042399457723592875,0.046074360108415834,0.04902478567184449,0.04902478567184449,0.05137350540756113,0.05479271708683473,0.05941330746753684,0.0638333104803693,0.06716664381370263,0.07020572184842218,0.07301725467514943,0.0802899819478767,0.08594565771345959,0.08644565771345958,0.08644565771345958,0.09534217598954652,0.09485997396617173,0.09816371279219575,0.10171336446493667,0.10707623356942825,0.11058137940490884,0.11741470397699688,0.11857803859944444,0.1164000238906731,0.11613308913308913,0.11733564154644478,0.11399950273324887,0.11177728051102666
q1,0.0,0.0,0.0,0.0,0.0,0.0,0.0,0.0,0.0,0.0,0.0,0.0,0.0,0.0,0.0,0.0,0.0,0.0,0.0,0.0,0.0,0.0,0.0,0.0,0.0,0.0,0.0,0.0,0.0,0.0,0.0,0.0,0.0,0.0009090909090909093,0.0009090909090909093,0.0016666666666666666,0.006818181818181818,0.009675324675324675,0.020166666666666666,0.023428679163973284,0.030101731601731598,0.032716783216783216,0.032716783216783216,0.03393561304760658,0.03938344988344988,0.04809607059607059,0.05013785314171358,0.05125532072371204,0.053338654057045395,0.05735197892477603,0.055630925976589925,0.06136801475205327,0.0643969252877304,0.06642553372246877,0.0675610648579999,0.06658487438180942,0.07111138953332458,0.0729949636125321,0.07747836504590917,0.08064483443932224,0.08421662901273957,0.08460124439735496
q3,0.0,0.0,0.0,0.020979020979020983,0.019090909090909092,0.01827485380116959,0.016666666666666666,0.026089585576793646,0.031946448613115276,0.030993421708188165,0.03609594810937216,0.03516506641506641,0.03812106696722081,0.04012876369603385,0.03878684611629826,0.03932937575036949,0.037015883059171285,0.03773808344886777,0.03913496535853579,0.040762022312912406,0.03967092381367801,0.03956420170046707,0.03999692807055809,0.04271175967428145,0.04383369864403534,0.04912517124149984,0.04693531139520505,0.04934333815105789,0.05020993996666266,0.055883016889739595,0.05893055595198453,0.06276870399837593,0.06470418786934368,0.06629031819554668,0.07364075972990261,0.07505621762275616,0.07611722752531125,0.08002555212149856,0.08752154246719465,0.09102154246719465,0.0985,0.10242500131819017,0.10446897546897546,0.11233396072526508,0.11421380565262645,0.11899675995683981,0.12827212227568038,0.13291056604588009,0.13805735716961093,0.14141540735317598,0.14407598370436653,0.14527502527559738,0.15324094730518878,0.15900259681150242,0.15730952380952384,0.15730952380952384,0.15860295727603158,0.1609047619047619,0.1609047619047619,0.16857936507936508,0.16909698016122165,0.1644077661244844

